PeptideSequence,02OV001,04OV008,04OV044,04OV048,11OV009,15OV001,17OV014,17OV039,REF_01CPTAC_OVprospective_Proteome_JHU_20161209
AAAAAADPNAAWAAYYSH,12367.9,13813.0,15788.6,19992.4,20420.6,19833.440000000002,17552.4,18162.0,25020.8
AAAAAHSTPVR,25415.5,12529.759999999998,18638.66,23707.1,16107.09,27046.350000000002,26629.6,15461.32,18581.28
AAAAAQPPASHGPER,3866.31,3451.49,3372.89,1832.44,2417.55,11761.220000000001,3113.87,3674.58,4004.97
AAAAELLAQTTHFLHDPK,4820.03,3997.01,7092.67,3726.04,3793.06,2144.536,5806.96,5850.92,4602.41
AAAALCTLYHEAGQR,23816.1,26428.57,38217.7,24668.800000000003,26811.199999999997,45269.29,31477.0,23150.06,41390.1
AAAANLCPGDVILAIDGFGTESMTHADAQDR,2459.77,2198.9610000000002,2176.09,0.0,0.0,0.0,836.646,1875.205,2558.34
AAAASGGAGSDNSVEHSDYR,2258.14,1687.65,1666.76,868.364,1011.7,3077.33,1233.43,2058.62,883.248
AAACPSSPHK,10245.4,21455.9,14713.5,19193.0,23140.8,33796.8,13821.6,13492.2,22576.2
AAADFATHGK,49263.8,47645.4,65543.8,44692.9,65594.2,111726.4,43889.2,38857.1,127305.0
AAADGPPAADGEDGQDPHSK,4259.18,4106.07,18168.1,10883.5,1057.3,3743.81,12682.6,1445.98,4630.77
AAADLMAYCEAHAK,22607.8,14861.6,23170.6,15996.8,18967.9,28471.4,26647.2,18776.2,40752.0
AAADPHECYAK,6815481.0210299995,6022893.58967,4601711.62214,4497170.9781599995,8537399.36826,13804790.11872,5912472.45365,5682317.8862,5748148.02356
AAADSDPNLDPLMNPHIR,10464.6,10535.2,16707.3,11950.5,11606.2,18219.77,12093.6,12245.2,26228.8
AAAEEGHIIPR,10072.1,17844.1,18327.7,18252.7,26933.7,35819.7,15131.3,12539.9,19475.1
AAAERPK,115491.20000000001,119936.6,178406.59999999998,146350.9,615807.0,198266.8,116285.6,132093.4,244912.0
AAAEVNQDYGLDPK,13475.6,21534.4,39047.9,31799.7,24322.2,26270.1,16424.3,15035.0,25008.7
AAAFHEEFVVR,10369.1,18975.6,23994.1,17404.9,19434.0,46033.8,24664.8,13605.4,17880.3
AAAFVTSPPLSPD,2073.64,1292.83,5978.5869999999995,1547.11,5366.036,0.0,3041.268,3906.35,1566.77
AAAGAAATHLEVAR,30041.4,45696.1,67253.1,63388.4,85934.1,67362.0,54630.8,53339.5,88394.2
AAAGDLGGDHLAFSCDVAK,5816.72,15305.6,20123.1,12909.2,13029.5,13892.6,5276.34,9776.56,14634.6
AAAGEDYK,37794.9,51670.4,34749.1,47550.6,25644.1,104004.2,55506.8,15028.0,33211.0
AAAGGQGSAVAAEAEPGKEEPPAR,661.818,0.0,4919.85,5189.7,6428.8,2061.8669999999997,1911.0,4767.37,2335.23
AAAGYDVEK,162448.9,85168.6,106382.4,94260.4,55979.100000000006,412559.5,83147.70000000001,59312.5,187510.4
AAAHHYGAQCDKPNK,205363.57,208366.34,839464.8,560639.4,337931.33,421931.82,330008.52,498054.51,312734.79
AAAHLQGLIQVASR,11751.6,13489.1,19912.0,19258.4,23125.9,29128.7,17316.7,15921.2,21606.2
AAAHQLCLK,632512.7,281082.7,1060564.0,184297.9,197050.96,685986.5,754351.8,504107.50226,425265.05926
AAAHYK,14572.6,20277.2,21298.5,22983.0,43475.5,16761.88,31369.4,13691.7,17202.2
AAAHYTGDK,44838.2,129234.0,72212.5,84692.0,62773.9,132583.3,85563.6,45801.6,79921.2
AAAIGIDLGTTYSCVGVFQHGK,16174.86,13982.39,66086.66,25066.120000000003,51145.479999999996,19379.41,24962.28,35393.9,107145.18
AAALAHLDR,179540.0,51390.4,40593.0,48440.8,41039.9,67709.9,93793.4,47269.2,196001.0
AAAPGGGP,191585.0,74792.8,74138.7,28022.3,61410.8,342522.0,130783.0,34945.2,79144.6
AAAPRPPVSAASGRPQDDTDSSR,13514.2,26235.1,40452.2,34420.6,17549.6,33635.0,14908.3,47201.2,15115.8
AAAQHAASTPK,1135953.45,1367715.65,142798.6,217965.8,155585.873,3605446.94195,483082.212,378241.053,451313.296
AAAQPPASHGPER,6265.39,6777.11,8865.8,4279.01,4871.33,27231.92,9811.07,6076.15,6797.65
AAASGQPRPEMQCPAEHEEDMYR,2956.3450000000003,7538.03,11357.77,8880.51,10276.529999999999,11220.52,8656.01,8432.47,12303.220000000001
AAASIGQVHLAR,38378.1,32305.4,36150.4,93490.5,66311.0,78781.6,48708.0,24072.8,40701.0
AAASKPHVEIR,12414.0,130116.0,25656.5,14086.2,16800.9,32524.3,24158.4,10825.8,28334.2
AAASLAAVSGTAAASLGSAQPTDLGAHK,21234.99,20160.67,41114.63,29848.589999999997,21778.61,33809.74,24722.550000000003,16886.62,27371.379999999997
AAASTDYYK,65356.7,72635.7,204651.9,183422.1,106506.7,74092.57999999999,87178.0,85365.0,90771.1
AAATGLLPK,32826.8,24861.0,22907.8,22398.8,45589.5,61767.8,23387.9,17872.7,112504.0
AAATTTATTTTTSSGGHPLEFLR,2088.46,4334.2,8459.23,5089.75,4308.42,6871.289999999999,4357.79,6786.77,3815.09
AAAVASTGPSSR,5283.32,7719.16,6162.16,8295.81,6885.36,9967.070000000002,11546.8,6266.64,8194.95
AAAVPVEFQEHHLSEVQN,17172.2,10762.2,24122.5,13716.5,9389.21,25280.4,13849.8,9190.37,12375.0
AAAVPVEFQEHHLSEVQNMASEEK,24507.410000000003,24109.86,119138.3,52238.6,28045.64,29241.73,24066.92,30772.92,50657.6
AAAYCTGLLLAR,9781.94,14464.2,20477.3,22467.4,15926.0,16694.12,21738.0,13984.0,15557.5
AAAYDK,3.21089,194720.3,51271.3,152080.5,115928.6,911989.41905,158521.59999999998,104312.09999999999,184871.9
AACDLFGQIEKRCADDR,16233.3,15298.3,7114.01,7091.67,7096.88,19625.879999999997,16538.5,5806.3,6829.55
AACLLPK,26387.7,17421.6,8362.96,7362.42,14209.1,65208.3,13293.9,11593.2,41234.4
AACLPLPGYR,254021.29,274178.78,530704.1699999999,525664.87,104807.54000000001,342470.31,355352.47,173690.38,265009.38
AACYTK,164397.0,264182.0,369994.0,587104.0,333578.0,172777.9,387340.0,254102.0,199406.0
